[{ "id": "Introduction", "parent" : "#", "text": "Introduction", "a_attr": {"href": "Introduction.html"}  },{ "id": "Welcome", "parent" : "Introduction", "text": "Welcome", "a_attr": {"href": "Welcome.html"}  },{ "id": "GettingStarted", "parent" : "#", "text": "Getting Started", "a_attr": {"href": "GettingStarted.html"}  },{ "id": "Systemrequirements", "parent" : "GettingStarted", "text": "System requirements", "a_attr": {"href": "Systemrequirements.html"}  },{ "id": "Index", "parent" : "#", "text": "Index", "a_attr": {"href": "Index.html"} , "icon": "icon-2" },{ "id": "Login", "parent" : "#", "text": "Login", "a_attr": {"href": "Login.html"} , "icon": "icon-0" },{ "id": "Profile", "parent" : "#", "text": "Profile", "a_attr": {"href": "Profile.html"} , "icon": "icon-0" },{ "id": "Dashboard", "parent" : "#", "text": "Dashboard", "a_attr": {"href": "Dashboard.html"} , "icon": "icon-0" },{ "id": "Setting", "parent" : "#", "text": "Setting", "a_attr": {"href": "Setting.html"}  },{ "id": "Role", "parent" : "Setting", "text": "Role", "a_attr": {"href": "Role.html"}  },{ "id": "Department", "parent" : "Setting", "text": "Department", "a_attr": {"href": "Department.html"}  },{ "id": "Designations", "parent" : "Setting", "text": "Designations", "a_attr": {"href": "Designations.html"}  },{ "id": "Country", "parent" : "Setting", "text": "Country", "a_attr": {"href": "Country.html"}  },{ "id": "State", "parent" : "Setting", "text": "State", "a_attr": {"href": "State.html"}  },{ "id": "Category", "parent" : "Setting", "text": "Category", "a_attr": {"href": "Category.html"}  },{ "id": "Reports", "parent" : "#", "text": "Reports", "a_attr": {"href": "Reports.html"}  },{ "id": "EmployeeReport", "parent" : "Reports", "text": "Employee Report", "a_attr": {"href": "EmployeeReport.html"}  },{ "id": "ProjectReport", "parent" : "Reports", "text": "Project Report", "a_attr": {"href": "ProjectReport.html"}  },{ "id": "Time-sheetReport", "parent" : "Reports", "text": "Time-sheet Report", "a_attr": {"href": "Time-sheetReport.html"}  },{ "id": "ClientReport", "parent" : "Reports", "text": "Client Report", "a_attr": {"href": "ClientReport.html"}  },{ "id": "TicketingDetails", "parent" : "Reports", "text": "Ticketing Details", "a_attr": {"href": "TicketingDetails.html"}  },{ "id": "SummaryReport", "parent" : "Reports", "text": "Summary Report", "a_attr": {"href": "SummaryReport.html"}  },{ "id": "CompanyMaster", "parent" : "#", "text": "Company Master", "a_attr": {"href": "CompanyMaster.html"}  },{ "id": "CompanyAdd", "parent" : "CompanyMaster", "text": "Company Add", "a_attr": {"href": "CompanyAdd.html"}  },{ "id": "CompanyModify", "parent" : "CompanyMaster", "text": "Company Modify", "a_attr": {"href": "CompanyModify.html"}  },{ "id": "EmployeeMaster", "parent" : "#", "text": "Employee Master", "a_attr": {"href": "EmployeeMaster.html"}  },{ "id": "EmployeeAdd", "parent" : "EmployeeMaster", "text": "Employee Add", "a_attr": {"href": "EmployeeAdd.html"}  },{ "id": "EmployeeEdit", "parent" : "EmployeeMaster", "text": "Employee Edit", "a_attr": {"href": "EmployeeEdit.html"}  },{ "id": "CustomerMaster", "parent" : "#", "text": "Customer Master", "a_attr": {"href": "CustomerMaster.html"}  },{ "id": "CustomerAdd", "parent" : "CustomerMaster", "text": "Customer Add", "a_attr": {"href": "CustomerAdd.html"}  },{ "id": "CustomerModify", "parent" : "CustomerMaster", "text": "Customer Modify", "a_attr": {"href": "CustomerModify.html"}  },{ "id": "ProjectMaster", "parent" : "#", "text": "Project Master", "a_attr": {"href": "ProjectMaster.html"}  },{ "id": "ProjectEmployees", "parent" : "ProjectMaster", "text": "Project Employees", "a_attr": {"href": "ProjectEmployees.html"}  },{ "id": "ProjectEmployeeAdd", "parent" : "ProjectEmployees", "text": "Project Employee Add", "a_attr": {"href": "ProjectEmployeeAdd.html"}  },{ "id": "EmployeesGroup", "parent" : "ProjectMaster", "text": "Employees Group", "a_attr": {"href": "EmployeesGroup.html"}  },{ "id": "EmployeesGroupAdd", "parent" : "EmployeesGroup", "text": "Employees Group Add", "a_attr": {"href": "EmployeesGroupAdd.html"}  },{ "id": "TicketingList", "parent" : "#", "text": "Ticketing List", "a_attr": {"href": "TicketingList.html"}  },{ "id": "TicketAdd", "parent" : "TicketingList", "text": "Ticket Add", "a_attr": {"href": "TicketAdd.html"}  },{ "id": "TicketModify", "parent" : "TicketingList", "text": "Ticket Modify", "a_attr": {"href": "TicketModify.html"}  },{ "id": "TimeSheet", "parent" : "#", "text": "Time Sheet", "a_attr": {"href": "TimeSheet.html"}  },{ "id": "TimeSheetDetails", "parent" : "TimeSheet", "text": "Time Sheet Details", "a_attr": {"href": "TimeSheetDetails.html"}  }]